dataset,model,mil_type,train_tta,tta_eval,seed,auc,kappa,acc,f1,n
camelyon17,uni,mean_pool,none,none,42,0.7952921395544347,,0.77,0.7012987012987013,100
camelyon17,uni,mean_pool,none,d4_mean,42,0.798234552332913,,0.75,0.6753246753246753,100
camelyon17,uni,mean_pool,none,d4_bag,42,0.7990752416981926,,0.75,0.6753246753246753,100
camelyon17,uni,mean_pool,none,d4_both,42,0.7990752416981926,,0.75,0.6753246753246753,100
camelyon17,uni,abmil,none,none,42,0.9726775956284152,,0.92,0.8974358974358975,100
camelyon17,uni,abmil,none,d4_mean,42,0.9764606977721731,,0.94,0.9230769230769232,100
camelyon17,uni,abmil,none,d4_bag,42,0.9756200084068936,,0.93,0.9090909090909092,100
camelyon17,uni,abmil,none,d4_both,42,0.9756200084068936,,0.93,0.9090909090909092,100
camelyon17,uni,mean_pool,none,none,2,0.7646069777217318,,0.71,0.6741573033707865,100
camelyon17,uni,mean_pool,none,d4_mean,2,0.7746952501050861,,0.72,0.6818181818181818,100
camelyon17,uni,mean_pool,none,d4_bag,2,0.7730138713745272,,0.72,0.6818181818181818,100
camelyon17,uni,mean_pool,none,d4_both,2,0.7730138713745272,,0.72,0.6818181818181818,100
camelyon17,uni,mean_pool,none,none,3,0.7952921395544347,,0.71,0.6588235294117647,100
camelyon17,uni,mean_pool,none,d4_mean,3,0.7999159310634721,,0.75,0.7058823529411765,100
camelyon17,uni,mean_pool,none,d4_bag,3,0.8003362757461118,,0.75,0.7058823529411765,100
camelyon17,uni,mean_pool,none,d4_both,3,0.8003362757461118,,0.75,0.7058823529411765,100
camelyon17,uni,mean_pool,none,none,1,0.8058007566204287,,0.69,0.651685393258427,100
camelyon17,uni,mean_pool,none,d4_mean,1,0.8133669609079446,,0.73,0.6896551724137931,100
camelyon17,uni,mean_pool,none,d4_bag,1,0.812526271542665,,0.73,0.6896551724137931,100
camelyon17,uni,mean_pool,none,d4_both,1,0.812526271542665,,0.73,0.6896551724137931,100
camelyon17,uni,mean_pool,none,none,0,0.8087431693989071,,0.7,0.6590909090909091,100
camelyon17,uni,mean_pool,none,d4_mean,0,0.8179907524169819,,0.75,0.7058823529411765,100
camelyon17,uni,mean_pool,none,d4_bag,0,0.8171500630517023,,0.75,0.7058823529411765,100
camelyon17,uni,mean_pool,none,d4_both,0,0.8171500630517023,,0.75,0.7058823529411765,100
camelyon17,uni,mean_pool,none,none,4,0.7944514501891552,,0.7,0.6511627906976745,100
camelyon17,uni,mean_pool,none,d4_mean,4,0.8079024800336276,,0.75,0.6987951807228916,100
camelyon17,uni,mean_pool,none,d4_bag,4,0.805380411937789,,0.75,0.6987951807228916,100
camelyon17,uni,mean_pool,none,d4_both,4,0.805380411937789,,0.75,0.6987951807228916,100
camelyon17,uni,abmil,none,none,2,0.939470365699874,,0.94,0.918918918918919,100
camelyon17,uni,abmil,none,d4_mean,2,0.9457755359394704,,0.93,0.9066666666666666,100
camelyon17,uni,abmil,none,d4_bag,2,0.9436738125262716,,0.94,0.918918918918919,100
camelyon17,uni,abmil,none,d4_both,2,0.9436738125262716,,0.94,0.918918918918919,100
camelyon17,uni,abmil,none,none,1,0.9751996637242538,,0.94,0.918918918918919,100
camelyon17,uni,abmil,none,d4_mean,1,0.974779319041614,,0.96,0.9473684210526316,100
camelyon17,uni,abmil,none,d4_bag,1,0.9743589743589745,,0.95,0.9333333333333332,100
camelyon17,uni,abmil,none,d4_both,1,0.9743589743589745,,0.95,0.9333333333333332,100
camelyon17,uni,abmil,none,none,3,0.980243799915931,,0.98,0.9743589743589745,100
camelyon17,uni,abmil,none,d4_mean,3,0.9815048339638504,,0.98,0.9743589743589745,100
camelyon17,uni,abmil,none,d4_bag,3,0.9806641445985708,,0.98,0.9743589743589745,100
camelyon17,uni,abmil,none,d4_both,3,0.9806641445985708,,0.98,0.9743589743589745,100
camelyon17,uni,abmil,none,none,0,0.980243799915931,,0.93,0.9156626506024096,100
camelyon17,uni,abmil,none,d4_mean,0,0.9789827658680116,,0.94,0.926829268292683,100
camelyon17,uni,abmil,none,d4_bag,0,0.9789827658680116,,0.94,0.926829268292683,100
camelyon17,uni,abmil,none,d4_both,0,0.9789827658680116,,0.94,0.926829268292683,100
camelyon17,uni,abmil,none,none,4,0.9848675914249684,,0.95,0.9382716049382716,100
camelyon17,uni,abmil,none,d4_mean,4,0.985287936107608,,0.95,0.9382716049382716,100
camelyon17,uni,abmil,none,d4_bag,4,0.9852879361076082,,0.95,0.9382716049382716,100
camelyon17,uni,abmil,none,d4_both,4,0.9852879361076082,,0.95,0.9382716049382716,100
camelyon17,phikon2,mean_pool,none,none,2,0.7515762925598991,,0.61,0.0,100
camelyon17,phikon2,mean_pool,none,d4_mean,2,0.7654476670870114,,0.61,0.0,100
camelyon17,phikon2,mean_pool,none,d4_bag,2,0.7641866330390921,,0.61,0.0,100
camelyon17,phikon2,mean_pool,none,d4_both,2,0.7641866330390921,,0.61,0.0,100
camelyon17,phikon2,mean_pool,none,none,3,0.726775956284153,,0.59,0.0465116279069767,100
camelyon17,phikon2,mean_pool,none,d4_mean,3,0.7351828499369484,,0.59,0.0465116279069767,100
camelyon17,phikon2,mean_pool,none,d4_bag,3,0.7347625052543085,,0.59,0.0465116279069767,100
camelyon17,phikon2,mean_pool,none,d4_both,3,0.7347625052543085,,0.59,0.0465116279069767,100
camelyon17,phikon2,mean_pool,none,none,1,0.74989491382934,,0.7,0.4444444444444444,100
camelyon17,phikon2,mean_pool,none,d4_mean,1,0.7654476670870113,,0.73,0.5573770491803278,100
camelyon17,phikon2,mean_pool,none,d4_bag,1,0.765868011769651,,0.73,0.5573770491803278,100
camelyon17,phikon2,mean_pool,none,d4_both,1,0.765868011769651,,0.73,0.5573770491803278,100
camelyon17,phikon2,mean_pool,none,none,4,0.7372845733501472,,0.71,0.5797101449275363,100
camelyon17,phikon2,mean_pool,none,d4_mean,4,0.7528373266078184,,0.71,0.6027397260273972,100
camelyon17,phikon2,mean_pool,none,d4_bag,4,0.7519966372425388,,0.71,0.6027397260273972,100
camelyon17,phikon2,mean_pool,none,d4_both,4,0.7519966372425388,,0.71,0.6027397260273972,100
camelyon17,phikon2,abmil,none,none,2,0.912568306010929,,0.91,0.8732394366197183,100
camelyon17,phikon2,abmil,none,d4_mean,2,0.9121479613282892,,0.91,0.8732394366197183,100
camelyon17,phikon2,abmil,none,d4_bag,2,0.9121479613282892,,0.91,0.8732394366197183,100
camelyon17,phikon2,abmil,none,d4_both,2,0.9121479613282892,,0.91,0.8732394366197183,100
camelyon17,phikon2,mean_pool,none,none,0,0.7692307692307692,,0.75,0.6575342465753424,100
camelyon17,phikon2,mean_pool,none,d4_mean,0,0.7936107608238756,,0.76,0.6756756756756757,100
camelyon17,phikon2,mean_pool,none,d4_bag,0,0.7931904161412359,,0.76,0.6756756756756757,100
camelyon17,phikon2,mean_pool,none,d4_both,0,0.7931904161412359,,0.76,0.6756756756756757,100
camelyon17,phikon2,abmil,none,none,3,0.9298024379991594,,0.92,0.8888888888888888,100
camelyon17,phikon2,abmil,none,d4_mean,3,0.923076923076923,,0.91,0.8732394366197183,100
camelyon17,phikon2,abmil,none,d4_bag,3,0.9234972677595628,,0.91,0.8732394366197183,100
camelyon17,phikon2,abmil,none,d4_both,3,0.9234972677595628,,0.91,0.8732394366197183,100
camelyon17,phikon2,abmil,none,none,1,0.9419924337957124,,0.92,0.8888888888888888,100
camelyon17,phikon2,abmil,none,d4_mean,1,0.9335855401429172,,0.92,0.8888888888888888,100
camelyon17,phikon2,abmil,none,d4_bag,1,0.9335855401429172,,0.92,0.8888888888888888,100
camelyon17,phikon2,abmil,none,d4_both,1,0.9335855401429172,,0.92,0.8888888888888888,100
camelyon17,phikon2,abmil,none,none,4,0.9260193358554014,,0.89,0.8493150684931506,100
camelyon17,phikon2,abmil,none,d4_mean,4,0.9218158890290038,,0.89,0.8493150684931506,100
camelyon17,phikon2,abmil,none,d4_bag,4,0.9230769230769232,,0.89,0.8493150684931506,100
camelyon17,phikon2,abmil,none,d4_both,4,0.9230769230769232,,0.89,0.8493150684931506,100
camelyon17,phikon2,abmil,none,none,0,0.9512400168137872,,0.9,0.868421052631579,100
camelyon17,phikon2,abmil,none,d4_mean,0,0.9453551912568308,,0.89,0.8571428571428571,100
camelyon17,phikon2,abmil,none,d4_bag,0,0.94661622530475,,0.9,0.8717948717948718,100
camelyon17,phikon2,abmil,none,d4_both,0,0.94661622530475,,0.9,0.8717948717948718,100
camelyon17,resnet50,mean_pool,none,none,1,0.7154266498528794,,0.61,0.0,100
camelyon17,resnet50,mean_pool,none,d4_mean,1,0.7183690626313577,,0.61,0.0,100
camelyon17,resnet50,mean_pool,none,d4_bag,1,0.717948717948718,,0.61,0.0,100
camelyon17,resnet50,mean_pool,none,d4_both,1,0.717948717948718,,0.61,0.0,100
camelyon17,resnet50,mean_pool,none,none,2,0.7368642286675073,,0.61,0.0,100
camelyon17,resnet50,mean_pool,none,d4_mean,2,0.7347625052543085,,0.61,0.0,100
camelyon17,resnet50,mean_pool,none,d4_bag,2,0.7347625052543085,,0.61,0.0,100
camelyon17,resnet50,mean_pool,none,d4_both,2,0.7347625052543085,,0.61,0.0,100
camelyon17,resnet50,mean_pool,none,none,3,0.7528373266078184,,0.61,0.0,100
camelyon17,resnet50,mean_pool,none,d4_mean,3,0.7562000840689366,,0.61,0.0,100
camelyon17,resnet50,mean_pool,none,d4_bag,3,0.7562000840689366,,0.61,0.0,100
camelyon17,resnet50,mean_pool,none,d4_both,3,0.7562000840689366,,0.61,0.0,100
camelyon17,convnextv2,mean_pool,none,none,1,0.6574190836485919,,0.67,0.4406779661016949,100
camelyon17,convnextv2,mean_pool,none,d4_mean,1,0.6633039092055485,,0.67,0.4406779661016949,100
camelyon17,convnextv2,mean_pool,none,d4_bag,1,0.6633039092055485,,0.67,0.4406779661016949,100
camelyon17,convnextv2,mean_pool,none,d4_both,1,0.6633039092055485,,0.67,0.4406779661016949,100
camelyon17,resnet50,abmil,none,none,4,0.6759142496847415,,0.61,0.0,100
camelyon17,resnet50,abmil,none,d4_mean,4,0.6746532156368222,,0.61,0.0,100
camelyon17,resnet50,abmil,none,d4_bag,4,0.675073560319462,,0.61,0.0,100
camelyon17,resnet50,abmil,none,d4_both,4,0.675073560319462,,0.61,0.0,100
camelyon17,convnextv2,mean_pool,none,none,2,0.6641445985708281,,0.54,0.6166666666666667,100
camelyon17,convnextv2,mean_pool,none,d4_mean,2,0.6691887347625053,,0.55,0.6218487394957983,100
camelyon17,convnextv2,mean_pool,none,d4_bag,2,0.6687683900798654,,0.55,0.6218487394957983,100
camelyon17,convnextv2,mean_pool,none,d4_both,2,0.6687683900798654,,0.55,0.6218487394957983,100
camelyon17,resnet50,mean_pool,none,none,0,0.7309794031105508,,0.61,0.0,100
camelyon17,resnet50,mean_pool,none,d4_mean,0,0.7372845733501472,,0.61,0.0,100
camelyon17,resnet50,mean_pool,none,d4_bag,0,0.7368642286675073,,0.61,0.0,100
camelyon17,resnet50,mean_pool,none,d4_both,0,0.7368642286675073,,0.61,0.0,100
camelyon17,convnextv2,mean_pool,none,none,3,0.6759142496847415,,0.6,0.0,100
camelyon17,convnextv2,mean_pool,none,d4_mean,3,0.6817990752416982,,0.6,0.0,100
camelyon17,convnextv2,mean_pool,none,d4_bag,3,0.6817990752416982,,0.6,0.0,100
camelyon17,convnextv2,mean_pool,none,d4_both,3,0.6817990752416982,,0.6,0.0,100
camelyon17,resnet50,abmil,none,none,3,0.828499369482976,,0.72,0.6585365853658537,100
camelyon17,resnet50,abmil,none,d4_mean,3,0.8238755779739386,,0.78,0.7105263157894737,100
camelyon17,resnet50,abmil,none,d4_bag,3,0.8234552332912989,,0.72,0.6585365853658537,100
camelyon17,resnet50,abmil,none,d4_both,3,0.8234552332912989,,0.72,0.6585365853658537,100
camelyon17,convnextv2,mean_pool,none,none,4,0.7133249264396806,,0.6,0.0,100
camelyon17,convnextv2,mean_pool,none,d4_mean,4,0.7238335435056746,,0.6,0.0,100
camelyon17,convnextv2,mean_pool,none,d4_bag,4,0.7238335435056746,,0.6,0.0,100
camelyon17,convnextv2,mean_pool,none,d4_both,4,0.7238335435056746,,0.6,0.0,100
camelyon17,resnet50,abmil,none,none,1,0.7435897435897435,,0.61,0.0,100
camelyon17,resnet50,abmil,none,d4_mean,1,0.7431693989071039,,0.61,0.0,100
camelyon17,resnet50,abmil,none,d4_bag,1,0.7435897435897436,,0.61,0.0,100
camelyon17,resnet50,abmil,none,d4_both,1,0.7435897435897436,,0.61,0.0,100
camelyon17,virchow2,mean_pool,none,none,1,0.8255569567044977,,0.79,0.6666666666666666,100
camelyon17,virchow2,mean_pool,none,d4_mean,1,0.8255569567044977,,0.8,0.6875,100
camelyon17,virchow2,mean_pool,none,d4_bag,1,0.8251366120218578,,0.8,0.6875,100
camelyon17,virchow2,mean_pool,none,d4_both,1,0.8251366120218578,,0.8,0.6875,100
camelyon17,virchow2,mean_pool,none,none,4,0.830180748213535,,0.78,0.6764705882352942,100
camelyon17,virchow2,mean_pool,none,d4_mean,4,0.8306010928961749,,0.76,0.6571428571428571,100
camelyon17,virchow2,mean_pool,none,d4_bag,4,0.8306010928961749,,0.76,0.6571428571428571,100
camelyon17,virchow2,mean_pool,none,d4_both,4,0.8306010928961749,,0.76,0.6571428571428571,100
camelyon17,gigapath,mean_pool,none,none,3,0.7982345523329131,,0.72,0.5625,100
camelyon17,gigapath,mean_pool,none,d4_mean,3,0.8011769651113914,,0.73,0.5714285714285714,100
camelyon17,gigapath,mean_pool,none,d4_bag,3,0.8011769651113914,,0.73,0.5714285714285714,100
camelyon17,gigapath,mean_pool,none,d4_both,3,0.8011769651113914,,0.73,0.5714285714285714,100
camelyon17,virchow2,mean_pool,none,none,3,0.8415300546448087,,0.77,0.676056338028169,100
camelyon17,virchow2,mean_pool,none,d4_mean,3,0.8444724674232871,,0.77,0.676056338028169,100
camelyon17,virchow2,mean_pool,none,d4_bag,3,0.8436317780580076,,0.77,0.676056338028169,100
camelyon17,virchow2,mean_pool,none,d4_both,3,0.8436317780580076,,0.77,0.676056338028169,100
camelyon17,gigapath,mean_pool,none,none,1,0.8221941992433796,,0.75,0.7058823529411765,100
camelyon17,gigapath,mean_pool,none,d4_mean,1,0.828499369482976,,0.74,0.6904761904761905,100
camelyon17,gigapath,mean_pool,none,d4_bag,1,0.828499369482976,,0.74,0.6904761904761905,100
camelyon17,gigapath,mean_pool,none,d4_both,1,0.828499369482976,,0.74,0.6904761904761905,100
camelyon17,virchow2,mean_pool,none,none,2,0.83900798654897,,0.79,0.704225352112676,100
camelyon17,virchow2,mean_pool,none,d4_mean,2,0.8377469525010509,,0.76,0.6842105263157895,100
camelyon17,virchow2,mean_pool,none,d4_bag,2,0.8377469525010509,,0.77,0.6933333333333334,100
camelyon17,virchow2,mean_pool,none,d4_both,2,0.8377469525010509,,0.77,0.6933333333333334,100
camelyon17,gigapath,mean_pool,none,none,2,0.8205128205128205,,0.76,0.6470588235294118,100
camelyon17,gigapath,mean_pool,none,d4_mean,2,0.8255569567044977,,0.74,0.6176470588235294,100
camelyon17,gigapath,mean_pool,none,d4_bag,2,0.8247162673392182,,0.74,0.6176470588235294,100
camelyon17,gigapath,mean_pool,none,d4_both,2,0.8247162673392182,,0.74,0.6176470588235294,100
camelyon17,virchow2,mean_pool,none,none,0,0.8469945355191257,,0.77,0.7012987012987013,100
camelyon17,virchow2,mean_pool,none,d4_mean,0,0.8415300546448087,,0.76,0.6923076923076923,100
camelyon17,virchow2,mean_pool,none,d4_bag,0,0.8415300546448087,,0.76,0.6923076923076923,100
camelyon17,virchow2,mean_pool,none,d4_both,0,0.8415300546448087,,0.76,0.6923076923076923,100
camelyon17,convnextv2,abmil,none,none,2,0.6645649432534678,,0.64,0.3333333333333333,100
camelyon17,convnextv2,abmil,none,d4_mean,2,0.6654056326187474,,0.63,0.3018867924528302,100
camelyon17,convnextv2,abmil,none,d4_bag,2,0.6641445985708281,,0.64,0.3333333333333333,100
camelyon17,convnextv2,abmil,none,d4_both,2,0.6641445985708281,,0.64,0.3333333333333333,100
camelyon17,gigapath,mean_pool,none,none,4,0.8234552332912988,,0.76,0.7142857142857143,100
camelyon17,gigapath,mean_pool,none,d4_mean,4,0.8263976460697772,,0.75,0.6987951807228916,100
camelyon17,gigapath,mean_pool,none,d4_bag,4,0.8259773013871374,,0.75,0.6987951807228916,100
camelyon17,gigapath,mean_pool,none,d4_both,4,0.8259773013871374,,0.75,0.6987951807228916,100
camelyon17,convnextv2,mean_pool,none,none,0,0.7377049180327868,,0.66,0.4848484848484848,100
camelyon17,convnextv2,mean_pool,none,d4_mean,0,0.7423287095418243,,0.69,0.5373134328358209,100
camelyon17,convnextv2,mean_pool,none,d4_bag,0,0.7427490542244641,,0.69,0.5373134328358209,100
camelyon17,convnextv2,mean_pool,none,d4_both,0,0.7427490542244641,,0.69,0.5373134328358209,100
camelyon17,convnextv2,abmil,none,none,1,0.8381672971836905,,0.7,0.6808510638297872,100
camelyon17,convnextv2,abmil,none,d4_mean,1,0.8528793610760824,,0.79,0.7407407407407407,100
camelyon17,convnextv2,abmil,none,d4_bag,1,0.8520386717108028,,0.73,0.7032967032967034,100
camelyon17,convnextv2,abmil,none,d4_both,1,0.8520386717108028,,0.73,0.7032967032967034,100
camelyon17,convnextv2,abmil,none,none,4,0.8272383354350568,,0.78,0.6857142857142857,100
camelyon17,convnextv2,abmil,none,d4_mean,4,0.8280790248003363,,0.78,0.6857142857142857,100
camelyon17,convnextv2,abmil,none,d4_bag,4,0.8276586801176965,,0.77,0.676056338028169,100
camelyon17,convnextv2,abmil,none,d4_both,4,0.8276586801176965,,0.77,0.676056338028169,100
camelyon17,virchow2,abmil,none,none,3,0.9705758722152164,,0.95,0.9315068493150684,100
camelyon17,virchow2,abmil,none,d4_mean,3,0.971416561580496,,0.95,0.9315068493150684,100
camelyon17,virchow2,abmil,none,d4_bag,3,0.971416561580496,,0.95,0.9315068493150684,100
camelyon17,virchow2,abmil,none,d4_both,3,0.971416561580496,,0.95,0.9315068493150684,100
camelyon17,virchow2,abmil,none,none,1,0.9663724253888188,,0.96,0.945945945945946,100
camelyon17,virchow2,abmil,none,d4_mean,1,0.9701555275325768,,0.96,0.945945945945946,100
camelyon17,virchow2,abmil,none,d4_bag,1,0.9701555275325768,,0.96,0.945945945945946,100
camelyon17,virchow2,abmil,none,d4_both,1,0.9701555275325768,,0.96,0.945945945945946,100
camelyon17,virchow2,abmil,none,none,2,0.9424127784783524,,0.91,0.8695652173913043,100
camelyon17,virchow2,abmil,none,d4_mean,2,0.9361076082387556,,0.91,0.8695652173913043,100
camelyon17,virchow2,abmil,none,d4_bag,2,0.935687263556116,,0.91,0.8695652173913043,100
camelyon17,virchow2,abmil,none,d4_both,2,0.935687263556116,,0.91,0.8695652173913043,100
camelyon17,virchow2,abmil,none,none,4,0.969735182849937,,0.97,0.96,100
camelyon17,virchow2,abmil,none,d4_mean,4,0.971416561580496,,0.97,0.96,100
camelyon17,virchow2,abmil,none,d4_bag,4,0.9709962168978562,,0.97,0.96,100
camelyon17,virchow2,abmil,none,d4_both,4,0.9709962168978562,,0.97,0.96,100
camelyon17,virchow2,abmil,none,none,0,0.9718369062631358,,0.98,0.9736842105263158,100
camelyon17,virchow2,abmil,none,d4_mean,0,0.9726775956284152,,0.97,0.96,100
camelyon17,virchow2,abmil,none,d4_bag,0,0.9726775956284152,,0.97,0.96,100
camelyon17,virchow2,abmil,none,d4_both,0,0.9726775956284152,,0.97,0.96,100
camelyon17,gigapath,abmil,none,none,2,0.9575451870533838,,0.94,0.918918918918919,100
camelyon17,gigapath,abmil,none,d4_mean,2,0.9592265657839428,,0.94,0.918918918918919,100
camelyon17,gigapath,abmil,none,d4_bag,2,0.9600672551492224,,0.94,0.918918918918919,100
camelyon17,gigapath,abmil,none,d4_both,2,0.9600672551492224,,0.94,0.918918918918919,100
camelyon17,gigapath,abmil,none,none,1,0.96385035729298,,0.94,0.918918918918919,100
camelyon17,gigapath,abmil,none,d4_mean,1,0.9630096679277008,,0.94,0.918918918918919,100
camelyon17,gigapath,abmil,none,d4_bag,1,0.9638503572929802,,0.94,0.918918918918919,100
camelyon17,gigapath,abmil,none,d4_both,1,0.9638503572929802,,0.94,0.918918918918919,100
camelyon17,convnextv2,abmil,none,none,3,0.8818831441782261,,0.66,0.6851851851851852,100
camelyon17,convnextv2,abmil,none,d4_mean,3,0.8961748633879781,,0.76,0.7333333333333333,100
camelyon17,convnextv2,abmil,none,d4_bag,3,0.8848255569567045,,0.63,0.6542056074766355,100
camelyon17,convnextv2,abmil,none,d4_both,3,0.8848255569567045,,0.63,0.6542056074766355,100
camelyon17,gigapath,abmil,none,none,3,0.9726775956284152,,0.96,0.9473684210526316,100
camelyon17,gigapath,abmil,none,d4_mean,3,0.9718369062631358,,0.96,0.9473684210526316,100
camelyon17,gigapath,abmil,none,d4_bag,3,0.9722572509457756,,0.96,0.9473684210526316,100
camelyon17,gigapath,abmil,none,d4_both,3,0.9722572509457756,,0.96,0.9473684210526316,100
camelyon17,gigapath,mean_pool,none,none,0,0.8486759142496847,,0.74,0.6976744186046512,100
camelyon17,gigapath,mean_pool,none,d4_mean,0,0.8444724674232871,,0.71,0.6666666666666666,100
camelyon17,gigapath,mean_pool,none,d4_bag,0,0.8448928121059269,,0.71,0.6666666666666666,100
camelyon17,gigapath,mean_pool,none,d4_both,0,0.8448928121059269,,0.71,0.6666666666666666,100
camelyon17,gigapath,abmil,none,none,4,0.9583858764186632,,0.94,0.918918918918919,100
camelyon17,gigapath,abmil,none,d4_mean,4,0.9617486338797816,,0.94,0.918918918918919,100
camelyon17,gigapath,abmil,none,d4_bag,4,0.9617486338797816,,0.94,0.918918918918919,100
camelyon17,gigapath,abmil,none,d4_both,4,0.9617486338797816,,0.94,0.918918918918919,100
camelyon17,convnextv2,abmil,none,none,0,0.8440521227406473,,0.42,0.5735294117647058,100
camelyon17,convnextv2,abmil,none,d4_mean,0,0.8558217738545606,,0.44,0.5757575757575758,100
camelyon17,convnextv2,abmil,none,d4_bag,0,0.8486759142496848,,0.42,0.5735294117647058,100
camelyon17,convnextv2,abmil,none,d4_both,0,0.8486759142496848,,0.42,0.5735294117647058,100
camelyon17,uni,mean_pool,d4_rand,none,1,0.7406473308112652,,0.7,0.5588235294117647,100
camelyon17,uni,mean_pool,d4_rand,d4_mean,1,0.7574611181168558,,0.73,0.6197183098591549,100
camelyon17,uni,mean_pool,d4_rand,d4_bag,1,0.757040773434216,,0.74,0.6285714285714286,100
camelyon17,uni,mean_pool,d4_rand,d4_both,1,0.757040773434216,,0.74,0.6285714285714286,100
camelyon17,uni,mean_pool,d4_rand,none,2,0.8041193778898696,,0.74,0.5666666666666667,100
camelyon17,uni,mean_pool,d4_rand,d4_mean,2,0.8020176544766708,,0.74,0.5666666666666667,100
camelyon17,uni,mean_pool,d4_rand,d4_bag,2,0.8007566204287515,,0.74,0.5666666666666667,100
camelyon17,uni,mean_pool,d4_rand,d4_both,2,0.8007566204287515,,0.74,0.5666666666666667,100
camelyon17,uni,mean_pool,d4_rand,none,0,0.8079024800336275,,0.72,0.6410256410256411,100
camelyon17,uni,mean_pool,d4_rand,d4_mean,0,0.8142076502732241,,0.73,0.6582278481012658,100
camelyon17,uni,mean_pool,d4_rand,d4_bag,0,0.8129466162253048,,0.72,0.6410256410256411,100
camelyon17,uni,mean_pool,d4_rand,d4_both,0,0.8129466162253048,,0.72,0.6410256410256411,100
camelyon17,uni,mean_pool,d4_rand,none,3,0.8154686843211433,,0.71,0.6329113924050633,100
camelyon17,uni,mean_pool,d4_rand,d4_mean,3,0.8217738545607398,,0.73,0.6582278481012658,100
camelyon17,uni,mean_pool,d4_rand,d4_bag,3,0.8209331651954602,,0.71,0.6329113924050633,100
camelyon17,uni,mean_pool,d4_rand,d4_both,3,0.8209331651954602,,0.71,0.6329113924050633,100
camelyon17,uni,abmil,d4_rand,none,2,0.9361076082387556,,0.93,0.9066666666666666,100
camelyon17,uni,abmil,d4_rand,d4_mean,2,0.9457755359394704,,0.93,0.9066666666666666,100
camelyon17,uni,abmil,d4_rand,d4_bag,2,0.9445145018915512,,0.94,0.918918918918919,100
camelyon17,uni,abmil,d4_rand,d4_both,2,0.9445145018915512,,0.94,0.918918918918919,100
camelyon17,uni,mean_pool,d4_rand,none,4,0.8280790248003363,,0.74,0.675,100
camelyon17,uni,mean_pool,d4_rand,d4_mean,4,0.8301807482135352,,0.74,0.675,100
camelyon17,uni,mean_pool,d4_rand,d4_bag,4,0.8306010928961749,,0.74,0.675,100
camelyon17,uni,mean_pool,d4_rand,d4_both,4,0.8306010928961749,,0.74,0.675,100
camelyon17,uni,abmil,d4_rand,none,1,0.9815048339638504,,0.97,0.961038961038961,100
camelyon17,uni,abmil,d4_rand,d4_mean,1,0.9789827658680116,,0.98,0.9743589743589745,100
camelyon17,uni,abmil,d4_rand,d4_bag,1,0.978562421185372,,0.97,0.961038961038961,100
camelyon17,uni,abmil,d4_rand,d4_both,1,0.978562421185372,,0.97,0.961038961038961,100
camelyon17,uni,abmil,d4_rand,none,0,0.985287936107608,,0.98,0.9743589743589745,100
camelyon17,uni,abmil,d4_rand,d4_mean,0,0.978562421185372,,0.98,0.9743589743589745,100
camelyon17,uni,abmil,d4_rand,d4_bag,0,0.978562421185372,,0.98,0.9743589743589745,100
camelyon17,uni,abmil,d4_rand,d4_both,0,0.978562421185372,,0.98,0.9743589743589745,100
camelyon17,uni,abmil,d4_rand,none,3,0.9794031105506514,,0.97,0.9620253164556962,100
camelyon17,uni,abmil,d4_rand,d4_mean,3,0.9806641445985708,,0.98,0.9743589743589745,100
camelyon17,uni,abmil,d4_rand,d4_bag,3,0.9806641445985708,,0.98,0.9743589743589745,100
camelyon17,uni,abmil,d4_rand,d4_both,3,0.9806641445985708,,0.98,0.9743589743589745,100
camelyon17,uni,abmil,d4_rand,none,4,0.9903320722992852,,0.97,0.961038961038961,100
camelyon17,uni,abmil,d4_rand,d4_mean,4,0.9920134510298444,,0.97,0.961038961038961,100
camelyon17,uni,abmil,d4_rand,d4_bag,4,0.9924337957124842,,0.97,0.961038961038961,100
camelyon17,uni,abmil,d4_rand,d4_both,4,0.9924337957124842,,0.97,0.961038961038961,100
panda,uni,mean_pool,none,none,0,,0.86968,0.776,,2071
panda,uni,mean_pool,none,d4_mean,0,,0.852813,0.7586,,2071
panda,uni,mean_pool,none,d4_bag,0,,0.853861,0.76,,2071
panda,uni,mean_pool,none,d4_both,0,,0.852813,0.7586,,2071
panda,uni,mean_pool,none,none,1,,0.878067,0.7581,,2071
panda,uni,mean_pool,none,d4_mean,1,,0.868317,0.7436,,2071
panda,uni,mean_pool,none,d4_bag,1,,0.868182,0.7451,,2071
panda,uni,mean_pool,none,d4_both,1,,0.868317,0.7436,,2071
panda,uni,mean_pool,none,none,2,,0.858756,0.7523,,2071
panda,uni,mean_pool,none,d4_mean,2,,0.860998,0.7523,,2071
panda,uni,mean_pool,none,d4_bag,2,,0.861111,0.7494,,2071
panda,uni,mean_pool,none,d4_both,2,,0.860998,0.7523,,2071
panda,uni,mean_pool,none,none,3,,0.894588,0.7647,,2070
panda,uni,mean_pool,none,d4_mean,3,,0.882431,0.7599,,2070
panda,uni,mean_pool,none,d4_bag,3,,0.884574,0.7585,,2070
panda,uni,mean_pool,none,d4_both,3,,0.882431,0.7599,,2070
panda,uni,mean_pool,none,none,4,,0.894205,0.7691,,2070
panda,uni,mean_pool,none,d4_mean,4,,0.884026,0.7527,,2070
panda,uni,mean_pool,none,d4_bag,4,,0.887252,0.7522,,2070
panda,uni,mean_pool,none,d4_both,4,,0.884026,0.7527,,2070
panda,uni,abmil,none,none,0,,0.898075,0.7639,,2071
panda,uni,abmil,none,d4_mean,0,,0.895717,0.7624,,2071
panda,uni,abmil,none,d4_bag,0,,0.895109,0.7644,,2071
panda,uni,abmil,none,d4_both,0,,0.895717,0.7624,,2071
panda,uni,abmil,none,none,1,,0.904472,0.7721,,2071
panda,uni,abmil,none,d4_mean,1,,0.896828,0.76,,2071
panda,uni,abmil,none,d4_bag,1,,0.901239,0.7644,,2071
panda,uni,abmil,none,d4_both,1,,0.896828,0.76,,2071
panda,uni,abmil,none,none,3,,0.911747,0.7773,,2070
panda,uni,abmil,none,d4_mean,3,,0.909758,0.7696,,2070
panda,uni,abmil,none,d4_bag,3,,0.912231,0.771,,2070
panda,uni,abmil,none,d4_both,3,,0.909758,0.7696,,2070
panda,uni,mean_pool,d4_rand,none,2,,0.857075,0.746,,2071
panda,uni,mean_pool,d4_rand,d4_mean,2,,0.858925,0.747,,2071
panda,uni,mean_pool,d4_rand,d4_bag,2,,0.857181,0.7455,,2071
panda,uni,mean_pool,d4_rand,d4_both,2,,0.858925,0.747,,2071
panda,uni,abmil,d4_rand,none,4,,0.906274,0.7947,,2070
panda,uni,abmil,d4_rand,d4_mean,4,,0.901046,0.7981,,2070
panda,uni,abmil,d4_rand,d4_bag,4,,0.901222,0.7981,,2070
panda,uni,abmil,d4_rand,d4_both,4,,0.901046,0.7981,,2070
panda,uni,abmil,d4_rand,none,3,,0.913793,0.8058,,2070
panda,uni,abmil,d4_rand,d4_mean,3,,0.915325,0.8072,,2070
panda,uni,abmil,d4_rand,d4_bag,3,,0.914659,0.8058,,2070
panda,uni,abmil,d4_rand,d4_both,3,,0.915325,0.8072,,2070
panda,uni,abmil,d4_rand,none,2,,0.897163,0.8006,,2071
panda,uni,abmil,d4_rand,d4_mean,2,,0.896418,0.804,,2071
panda,uni,abmil,d4_rand,d4_bag,2,,0.89827,0.8059,,2071
panda,uni,abmil,d4_rand,d4_both,2,,0.896418,0.804,,2071
panda,uni,mean_pool,d4_rand,none,0,,0.867738,0.7764,,2071
panda,uni,mean_pool,d4_rand,d4_mean,0,,0.871095,0.7803,,2071
panda,uni,mean_pool,d4_rand,d4_bag,0,,0.870396,0.7793,,2071
panda,uni,mean_pool,d4_rand,d4_both,0,,0.871095,0.7803,,2071
panda,uni,mean_pool,d4_rand,none,3,,0.889533,0.771,,2070
panda,uni,mean_pool,d4_rand,d4_mean,3,,0.893427,0.7744,,2070
panda,uni,mean_pool,d4_rand,d4_bag,3,,0.893557,0.7744,,2070
panda,uni,mean_pool,d4_rand,d4_both,3,,0.893427,0.7744,,2070
panda,uni,mean_pool,d4_rand,none,4,,0.887503,0.7691,,2070
panda,uni,mean_pool,d4_rand,d4_mean,4,,0.888054,0.7686,,2070
panda,uni,mean_pool,d4_rand,d4_bag,4,,0.888426,0.77,,2070
panda,uni,mean_pool,d4_rand,d4_both,4,,0.888054,0.7686,,2070
panda,uni,mean_pool,d4_rand,none,1,,0.868453,0.7547,,2071
panda,uni,mean_pool,d4_rand,d4_mean,1,,0.86682,0.7513,,2071
panda,uni,mean_pool,d4_rand,d4_bag,1,,0.867185,0.7537,,2071
panda,uni,mean_pool,d4_rand,d4_both,1,,0.86682,0.7513,,2071
panda,uni,abmil,d4_rand,none,1,,0.915938,0.8083,,2071
panda,uni,abmil,d4_rand,d4_mean,1,,0.912421,0.8054,,2071
panda,uni,abmil,d4_rand,d4_bag,1,,0.915868,0.8083,,2071
panda,uni,abmil,d4_rand,d4_both,1,,0.912421,0.8054,,2071
panda,uni,abmil,d4_rand,none,0,,0.910168,0.8064,,2071
panda,uni,abmil,d4_rand,d4_mean,0,,0.913535,0.8073,,2071
panda,uni,abmil,d4_rand,d4_bag,0,,0.91513,0.8107,,2071
panda,uni,abmil,d4_rand,d4_both,0,,0.913535,0.8073,,2071
